volunteer_id,name_first,name_last,email,phone,Referral,ref_name,event_date.1,sign_up.1,attended.1,time_in.1,time_out.1,event_date.2,sign_up.2,attended.2,time_in.2,time_out.2
1,Jane ,Doe ,jane.doe@gmail.com,+1 (123) 456-7890,Y,Isabelle ,1/1/2027,Y,Y,10:00 AM,12:00 PM,1/8/2027,Y,Y,10:00 AM,12:00 PM
2,John ,Doe ,john.doe@gmail.com,+1 (321) 456-7891,N,N/A,1/1/2027,N,N/A,N/A,N/A,1/8/2027,Y,N,NoShow,NoShow
3,Emmett ,Hutchins ,emmett.hutchins@gmail.com,+1 (225) 959-4506,Y,Adrian ,1/1/2027,Y,Y,11:00 AM,1:00 PM,1/8/2027,Y,Y,9:00 AM,11:00 AM
4,Ezra ,Novak ,ezra.novak@gmail.com,+1 (484) 206-2615,N,N/A,1/1/2027,Y,Y,10:00 AM,12:00 PM,1/8/2027,Y,Y,10:00 AM,1:00 PM
5,Camille ,Achterberg ,camille.achterberg@gmail.com,+1 (500) 843-5925,N,N/A,1/1/2027,Y,Y,9:30 AM,11:30 AM,1/8/2027,N,N/A,N/A,N/A
6,Silas ,Iversen ,silas.iversen@gmail.com,+1 (664) 850-5977,Y,Mireille ,1/1/2027,Y,Y,9:00 AM,12:00 PM,1/8/2027,Y,Y,9:30 AM,11:30 AM
7,Yara ,Lindqvist ,yara.lindqvist@gmail.com,+1 (434) 232-5168,N,N/A,1/1/2027,Y,N,NoShow,NoShow,1/8/2027,Y,Y,9:30 AM,12:30 PM
8,Anisa ,Achterberg ,anisa.achterberg@gmail.com,+1 (751) 469-9577,N,N/A,1/1/2027,Y,Y,9:30 AM,12:30 PM,1/8/2027,Y,Y,9:00 AM,11:00 AM
9,Cyrus ,Achterberg ,cyrus.achterberg@gmail.com,+1 (211) 896-1876,N,N/A,1/1/2027,Y,Y,10:00 AM,12:00 PM,1/8/2027,Y,Y,9:00 AM,12:00 PM
10,Rashid ,Bianchi ,rashid.bianchi@gmail.com,+1 (505) 854-8317,N,N/A,1/1/2027,Y,Y,11:00 AM,2:00 PM,1/8/2027,N,N/A,N/A,N/A
11,Josephine ,Nwosu ,josephine.nwosu@gmail.com,+1 (259) 446-9295,N,N/A,1/1/2027,Y,Y,9:00 AM,12:00 PM,1/8/2027,N,N/A,N/A,N/A
12,Talia ,Berglund ,talia.berglund@gmail.com,+1 (752) 973-3295,N,N/A,1/1/2027,Y,Y,10:00 AM,12:00 PM,1/8/2027,N,N/A,N/A,N/A
13,Marcus ,Marchetti ,marcus.marchetti@gmail.com,+1 (924) 846-0964,Y,Trent ,1/1/2027,N,N/A,N/A,N/A,1/8/2027,Y,Y,10:30 AM,12:30 PM
14,Rashid ,Fontaine ,rashid.fontaine@gmail.com,+1 (874) 641-5804,N,N/A,1/1/2027,Y,Y,9:00 AM,11:00 AM,1/8/2027,Y,Y,9:00 AM,11:00 AM
15,Bianca ,Fontaine ,bianca.fontaine@gmail.com,+1 (251) 867-8856,N,N/A,1/1/2027,N,N/A,N/A,N/A,1/8/2027,N,N/A,N/A,N/A
16,Priyanka ,Nakamura ,priyanka.nakamura@gmail.com,+1 (588) 202-6396,Y,Quincy ,1/1/2027,Y,Y,11:00 AM,2:00 PM,1/8/2027,Y,Y,10:00 AM,12:00 PM
17,Priyanka ,Novak ,priyanka.novak@gmail.com,+1 (688) 714-8701,Y,Stellan ,1/1/2027,Y,Y,11:00 AM,1:00 PM,1/8/2027,Y,Y,9:00 AM,12:00 PM
18,Cyrus ,Berglund ,cyrus.berglund@gmail.com,+1 (885) 933-5147,Y,Nikolai ,1/1/2027,Y,Y,10:30 AM,12:30 PM,1/8/2027,N,N/A,N/A,N/A
19,Devon ,Bertrand ,devon.bertrand@gmail.com,+1 (418) 718-4345,Y,Mireille ,1/1/2027,N,N/A,N/A,N/A,1/8/2027,N,N/A,N/A,N/A
20,Nadia ,Holloway ,nadia.holloway@gmail.com,+1 (208) 883-9086,Y,Petra ,1/1/2027,N,N/A,N/A,N/A,1/8/2027,Y,Y,9:00 AM,12:00 PM
21,Selin ,Beaumont ,selin.beaumont@gmail.com,+1 (252) 294-6939,N,N/A,1/1/2027,Y,Y,9:30 AM,12:30 PM,1/8/2027,N,N/A,N/A,N/A
22,Tobias ,Vantongeren ,tobias.vantongeren@gmail.com,+1 (796) 765-2426,N,N/A,1/1/2027,Y,Y,9:00 AM,11:00 AM,1/8/2027,Y,Y,9:00 AM,11:00 AM
23,Beau ,Esparza ,beau.esparza@gmail.com,+1 (967) 358-3878,N,N/A,1/1/2027,N,N/A,N/A,N/A,1/8/2027,N,N/A,N/A,N/A
24,Hugo ,Dumont ,hugo.dumont@gmail.com,+1 (454) 473-2608,N,N/A,1/1/2027,Y,N,NoShow,NoShow,1/8/2027,N,N/A,N/A,N/A
25,Elena ,Kessler ,elena.kessler@gmail.com,+1 (397) 608-5378,Y,Yusuf ,1/1/2027,N,N/A,N/A,N/A,1/8/2027,Y,Y,10:30 AM,1:30 PM
26,Lila ,Beaumont ,lila.beaumont@gmail.com,+1 (382) 794-4349,Y,Ximena ,1/1/2027,Y,Y,10:00 AM,12:00 PM,1/8/2027,Y,Y,10:30 AM,1:30 PM
27,Solveig ,Nakashima ,solveig.nakashima@gmail.com,+1 (959) 954-3228,Y,Yusuf ,1/1/2027,N,N/A,N/A,N/A,1/8/2027,N,N/A,N/A,N/A
28,Micah ,Renaud ,micah.renaud@gmail.com,+1 (882) 618-5344,N,N/A,1/1/2027,Y,Y,10:30 AM,1:30 PM,1/8/2027,N,N/A,N/A,N/A
29,Josephine ,Okafor ,josephine.okafor@gmail.com,+1 (415) 640-9502,N,N/A,1/1/2027,Y,Y,9:30 AM,12:30 PM,1/8/2027,Y,N,NoShow,NoShow
30,Emmett ,Esparza ,emmett.esparza@gmail.com,+1 (543) 295-3848,N,N/A,1/1/2027,Y,Y,9:00 AM,11:00 AM,1/8/2027,Y,Y,9:00 AM,11:00 AM
31,Nadia ,Petrov ,nadia.petrov@gmail.com,+1 (205) 968-1746,N,N/A,1/1/2027,Y,N,NoShow,NoShow,1/8/2027,Y,Y,11:00 AM,1:00 PM
32,Odette ,Achterberg ,odette.achterberg@gmail.com,+1 (809) 524-7251,N,N/A,1/1/2027,Y,Y,11:00 AM,1:00 PM,1/8/2027,N,N/A,N/A,N/A
33,Renee ,Blackwood ,renee.blackwood@gmail.com,+1 (733) 696-3919,Y,Yusuf ,1/1/2027,Y,Y,10:00 AM,12:00 PM,1/8/2027,N,N/A,N/A,N/A
34,Amara ,Bertrand ,amara.bertrand@gmail.com,+1 (677) 625-1020,Y,Paloma ,1/1/2027,Y,Y,9:00 AM,12:00 PM,1/8/2027,Y,Y,10:00 AM,12:00 PM
35,Beau ,Bertrand ,beau.bertrand@gmail.com,+1 (965) 952-8947,N,N/A,1/1/2027,N,N/A,N/A,N/A,1/8/2027,Y,Y,10:30 AM,12:30 PM
36,Kwame ,Kowalski ,kwame.kowalski@gmail.com,+1 (603) 806-9246,N,N/A,1/1/2027,Y,Y,10:30 AM,12:30 PM,1/8/2027,Y,Y,9:30 AM,11:30 AM
37,Beau ,Beaumont ,beau.beaumont@gmail.com,+1 (283) 681-0317,N,N/A,1/1/2027,Y,N,NoShow,NoShow,1/8/2027,Y,Y,9:00 AM,11:00 AM
38,Nathaniel ,Callahan ,nathaniel.callahan@gmail.com,+1 (885) 317-9240,N,N/A,1/1/2027,Y,Y,10:00 AM,12:00 PM,1/8/2027,Y,N,NoShow,NoShow
39,Solveig ,Bellweather ,solveig.bellweather@gmail.com,+1 (606) 932-3249,Y,Esme ,1/1/2027,Y,Y,11:00 AM,1:00 PM,1/8/2027,N,N/A,N/A,N/A
40,Beau ,Mireles ,beau.mireles@gmail.com,+1 (308) 643-5934,N,N/A,1/1/2027,N,N/A,N/A,N/A,1/8/2027,Y,Y,11:00 AM,2:00 PM
41,Zoya ,Iversen ,zoya.iversen@gmail.com,+1 (530) 451-1419,Y,Quincy ,1/1/2027,Y,Y,11:00 AM,2:00 PM,1/8/2027,Y,Y,10:00 AM,12:00 PM
42,Marcus ,Holloway ,marcus.holloway@gmail.com,+1 (395) 287-3954,N,N/A,1/1/2027,Y,Y,10:30 AM,1:30 PM,1/8/2027,Y,Y,9:00 AM,11:00 AM
43,Declan ,Rousseau ,declan.rousseau@gmail.com,+1 (963) 763-5419,Y,Quincy ,1/1/2027,Y,Y,9:00 AM,12:00 PM,1/8/2027,Y,Y,11:00 AM,2:00 PM
44,Odette ,Farrow ,odette.farrow@gmail.com,+1 (489) 302-3180,Y,Mireille ,1/1/2027,Y,Y,11:00 AM,1:00 PM,1/8/2027,Y,N,NoShow,NoShow
45,Selin ,Fontaine ,selin.fontaine@gmail.com,+1 (212) 787-4658,N,N/A,1/1/2027,Y,Y,9:00 AM,11:00 AM,1/8/2027,N,N/A,N/A,N/A
46,Sofia ,Lindholm ,sofia.lindholm@gmail.com,+1 (511) 287-4066,Y,Paloma ,1/1/2027,Y,Y,9:30 AM,12:30 PM,1/8/2027,Y,N,NoShow,NoShow
47,Emmett ,Berglund ,emmett.berglund@gmail.com,+1 (470) 876-1330,Y,Chiara ,1/1/2027,Y,Y,10:30 AM,12:30 PM,1/8/2027,Y,Y,9:00 AM,11:00 AM
48,Emmett ,Novak ,emmett.novak@gmail.com,+1 (877) 402-6965,Y,Esme ,1/1/2027,Y,N,NoShow,NoShow,1/8/2027,N,N/A,N/A,N/A
49,Lila ,Sørensen ,lila.sorensen@gmail.com,+1 (905) 511-6594,N,N/A,1/1/2027,Y,Y,9:00 AM,12:00 PM,1/8/2027,Y,Y,10:00 AM,1:00 PM
50,Wesley ,Marlowe ,wesley.marlowe@gmail.com,+1 (475) 790-0659,N,N/A,1/1/2027,Y,Y,10:30 AM,12:30 PM,1/8/2027,Y,Y,10:30 AM,12:30 PM
51,Selin ,Okafor ,selin.okafor@gmail.com,+1 (878) 610-9012,Y,Yusuf ,1/1/2027,Y,Y,10:30 AM,1:30 PM,1/8/2027,N,N/A,N/A,N/A
52,Freya ,Ferreira ,freya.ferreira@gmail.com,+1 (710) 840-7242,N,N/A,1/1/2027,Y,Y,10:00 AM,12:00 PM,1/8/2027,N,N/A,N/A,N/A
53,Beau ,Osei ,beau.osei@gmail.com,+1 (430) 316-7560,N,N/A,1/1/2027,Y,Y,10:00 AM,1:00 PM,1/8/2027,Y,Y,10:30 AM,12:30 PM
54,Micah ,Dumont ,micah.dumont@gmail.com,+1 (339) 271-4526,N,N/A,1/1/2027,N,N/A,N/A,N/A,1/8/2027,Y,Y,10:00 AM,12:00 PM
55,Selin ,Delacroix ,selin.delacroix@gmail.com,+1 (657) 751-7935,Y,Valentina ,1/1/2027,N,N/A,N/A,N/A,1/8/2027,Y,N,NoShow,NoShow
56,Naomi ,Lindholm ,naomi.lindholm@gmail.com,+1 (592) 439-6730,Y,Roksana ,1/1/2027,Y,N,NoShow,NoShow,1/8/2027,Y,Y,9:30 AM,11:30 AM
57,Amara ,Fontaine ,amara.fontaine@gmail.com,+1 (650) 302-8617,N,N/A,1/1/2027,Y,Y,9:30 AM,11:30 AM,1/8/2027,Y,N,NoShow,NoShow
58,Kwame ,Bellweather ,kwame.bellweather@gmail.com,+1 (524) 841-7994,N,N/A,1/1/2027,Y,Y,10:00 AM,12:00 PM,1/8/2027,Y,Y,9:00 AM,12:00 PM
59,Malik ,Amaral ,malik.amaral@gmail.com,+1 (583) 641-2385,Y,Paloma ,1/1/2027,Y,Y,9:30 AM,11:30 AM,1/8/2027,Y,N,NoShow,NoShow
60,Hugo ,Reyes ,hugo.reyes@gmail.com,+1 (676) 494-8955,Y,Quincy ,1/1/2027,N,N/A,N/A,N/A,1/8/2027,N,N/A,N/A,N/A
61,Silas ,Callahan ,silas.callahan@gmail.com,+1 (309) 442-6248,N,N/A,1/1/2027,Y,N,NoShow,NoShow,1/8/2027,Y,N,NoShow,NoShow
62,Priyanka ,Farrow ,priyanka.farrow@gmail.com,+1 (963) 708-4689,N,N/A,1/1/2027,Y,N,NoShow,NoShow,1/8/2027,Y,Y,10:00 AM,1:00 PM
63,Solveig ,Varga ,solveig.varga@gmail.com,+1 (843) 299-0645,Y,Quincy ,1/1/2027,Y,Y,9:30 AM,11:30 AM,1/8/2027,N,N/A,N/A,N/A
64,Fatima ,Holloway ,fatima.holloway@gmail.com,+1 (713) 479-2695,Y,Roksana ,1/1/2027,N,N/A,N/A,N/A,1/8/2027,Y,N,NoShow,NoShow
65,Cole ,Marlowe ,cole.marlowe@gmail.com,+1 (606) 770-5992,Y,Nikolai ,1/1/2027,Y,Y,10:30 AM,12:30 PM,1/8/2027,Y,Y,11:00 AM,1:00 PM
66,Rashid ,Marlowe ,rashid.marlowe@gmail.com,+1 (439) 682-0410,N,N/A,1/1/2027,N,N/A,N/A,N/A,1/8/2027,Y,Y,9:00 AM,12:00 PM
67,Josephine ,Odom ,josephine.odom@gmail.com,+1 (618) 319-2290,Y,Trent ,1/1/2027,Y,Y,9:00 AM,11:00 AM,1/8/2027,N,N/A,N/A,N/A
68,Rashid ,Mireles ,rashid.mireles@gmail.com,+1 (830) 617-4583,Y,Mireille ,1/1/2027,Y,Y,9:30 AM,11:30 AM,1/8/2027,Y,Y,11:00 AM,2:00 PM
69,Noor ,Osei ,noor.osei@gmail.com,+1 (878) 417-9783,N,N/A,1/1/2027,Y,Y,9:30 AM,12:30 PM,1/8/2027,Y,N,NoShow,NoShow
70,Dashiell ,Reyes ,dashiell.reyes@gmail.com,+1 (483) 348-2129,N,N/A,1/1/2027,N,N/A,N/A,N/A,1/8/2027,Y,N,NoShow,NoShow
71,Anisa ,Kastellan ,anisa.kastellan@gmail.com,+1 (738) 316-1041,N,N/A,1/1/2027,N,N/A,N/A,N/A,1/8/2027,Y,Y,11:00 AM,1:00 PM
72,Noor ,Odom ,noor.odom@gmail.com,+1 (231) 262-7847,N,N/A,1/1/2027,Y,Y,10:30 AM,12:30 PM,1/8/2027,N,N/A,N/A,N/A
73,Dashiell ,Holloway ,dashiell.holloway@gmail.com,+1 (501) 664-8282,N,N/A,1/1/2027,Y,Y,11:00 AM,2:00 PM,1/8/2027,N,N/A,N/A,N/A
74,Ingrid ,Kastellan ,ingrid.kastellan@gmail.com,+1 (947) 297-5120,N,N/A,1/1/2027,Y,Y,9:30 AM,12:30 PM,1/8/2027,N,N/A,N/A,N/A
75,Bianca ,Lindqvist ,bianca.lindqvist@gmail.com,+1 (800) 775-9202,Y,Petra ,1/1/2027,Y,N,NoShow,NoShow,1/8/2027,N,N/A,N/A,N/A
76,Rashid ,Lindholm ,rashid.lindholm@gmail.com,+1 (719) 417-2535,N,N/A,1/1/2027,Y,Y,11:00 AM,1:00 PM,1/8/2027,Y,Y,9:30 AM,11:30 AM
77,Freya ,Esparza ,freya.esparza@gmail.com,+1 (891) 858-9121,Y,Gunnar ,1/1/2027,Y,Y,10:00 AM,12:00 PM,1/8/2027,Y,Y,9:30 AM,12:30 PM
78,Amara ,Nakamura ,amara.nakamura@gmail.com,+1 (578) 519-5314,N,N/A,1/1/2027,Y,Y,9:00 AM,11:00 AM,1/8/2027,Y,Y,9:00 AM,11:00 AM
79,Lila ,Okafor ,lila.okafor@gmail.com,+1 (894) 894-9717,N,N/A,1/1/2027,Y,Y,10:30 AM,1:30 PM,1/8/2027,Y,Y,9:30 AM,11:30 AM
80,Talia ,Whitfield ,talia.whitfield@gmail.com,+1 (332) 589-8725,N,N/A,1/1/2027,Y,N,NoShow,NoShow,1/8/2027,N,N/A,N/A,N/A
81,Leif ,Rousseau ,leif.rousseau@gmail.com,+1 (787) 614-6843,Y,Nikolai ,1/1/2027,Y,Y,11:00 AM,1:00 PM,1/8/2027,N,N/A,N/A,N/A
82,Naomi ,Rousseau ,naomi.rousseau@gmail.com,+1 (803) 610-8584,Y,Junko ,1/1/2027,Y,Y,9:30 AM,11:30 AM,1/8/2027,Y,Y,11:00 AM,1:00 PM
83,Rashid ,Delacroix ,rashid.delacroix@gmail.com,+1 (462) 402-2842,N,N/A,1/1/2027,N,N/A,N/A,N/A,1/8/2027,Y,Y,10:30 AM,12:30 PM
84,Ezra ,Marlowe ,ezra.marlowe@gmail.com,+1 (778) 858-5295,N,N/A,1/1/2027,Y,Y,9:00 AM,11:00 AM,1/8/2027,Y,Y,10:00 AM,1:00 PM
85,Nadia ,Osei ,nadia.osei@gmail.com,+1 (829) 808-8307,Y,Wyatt ,1/1/2027,Y,Y,9:00 AM,11:00 AM,1/8/2027,N,N/A,N/A,N/A
86,Ezra ,Fontaine ,ezra.fontaine@gmail.com,+1 (551) 931-1381,N,N/A,1/1/2027,Y,Y,10:30 AM,12:30 PM,1/8/2027,Y,Y,10:00 AM,12:00 PM
87,Emmett ,Odom ,emmett.odom@gmail.com,+1 (542) 267-5401,Y,Nikolai ,1/1/2027,Y,Y,11:00 AM,1:00 PM,1/8/2027,Y,Y,9:30 AM,11:30 AM
88,Josephine ,Achterberg ,josephine.achterberg@gmail.com,+1 (585) 858-5381,N,N/A,1/1/2027,Y,N,NoShow,NoShow,1/8/2027,Y,Y,11:00 AM,1:00 PM
89,Yara ,Mireles ,yara.mireles@gmail.com,+1 (396) 431-2253,Y,Junko ,1/1/2027,N,N/A,N/A,N/A,1/8/2027,Y,Y,11:00 AM,1:00 PM
90,Zara ,Petrov ,zara.petrov@gmail.com,+1 (989) 839-2712,N,N/A,1/1/2027,Y,Y,9:30 AM,11:30 AM,1/8/2027,Y,Y,10:30 AM,12:30 PM
91,Ezra ,Sørensen ,ezra.sorensen@gmail.com,+1 (987) 488-6256,N,N/A,1/1/2027,Y,Y,9:30 AM,12:30 PM,1/8/2027,Y,Y,10:30 AM,12:30 PM
92,Micah ,Delacroix ,micah.delacroix@gmail.com,+1 (647) 293-3637,N,N/A,1/1/2027,N,N/A,N/A,N/A,1/8/2027,N,N/A,N/A,N/A
93,Theo ,Fontaine ,theo.fontaine@gmail.com,+1 (931) 865-5493,N,N/A,1/1/2027,Y,Y,10:30 AM,1:30 PM,1/8/2027,N,N/A,N/A,N/A
94,Sofia ,Achterberg ,sofia.achterberg@gmail.com,+1 (944) 823-8647,N,N/A,1/1/2027,N,N/A,N/A,N/A,1/8/2027,Y,Y,9:30 AM,11:30 AM
95,Selin ,Farrow ,selin.farrow@gmail.com,+1 (748) 216-8443,N,N/A,1/1/2027,Y,Y,9:00 AM,12:00 PM,1/8/2027,Y,Y,9:30 AM,12:30 PM
96,Kwame ,Tanaka ,kwame.tanaka@gmail.com,+1 (719) 767-0333,Y,Roksana ,1/1/2027,Y,Y,10:00 AM,12:00 PM,1/8/2027,Y,Y,9:00 AM,11:00 AM
97,Kwame ,Dubreuil ,kwame.dubreuil@gmail.com,+1 (858) 379-7612,N,N/A,1/1/2027,Y,Y,9:30 AM,11:30 AM,1/8/2027,Y,N,NoShow,NoShow
98,Rowan ,Beaumont ,rowan.beaumont@gmail.com,+1 (237) 971-3131,Y,Trent ,1/1/2027,N,N/A,N/A,N/A,1/8/2027,Y,Y,10:00 AM,12:00 PM
99,Silas ,Dubreuil ,silas.dubreuil@gmail.com,+1 (391) 708-8151,Y,Stellan ,1/1/2027,Y,Y,10:30 AM,12:30 PM,1/8/2027,Y,N,NoShow,NoShow
100,Lucienne ,Rousseau ,lucienne.rousseau@gmail.com,+1 (370) 906-7272,Y,Trent ,1/1/2027,Y,N,NoShow,NoShow,1/8/2027,Y,Y,9:00 AM,11:00 AM
101,Sofia ,Farrow ,sofia.farrow@gmail.com,+1 (894) 648-0570,Y,Esme ,1/1/2027,N,N/A,N/A,N/A,1/8/2027,Y,Y,11:00 AM,1:00 PM
102,Fatima ,Onyango ,fatima.onyango@gmail.com,+1 (521) 865-4566,Y,Petra ,1/1/2027,Y,Y,11:00 AM,1:00 PM,1/8/2027,N,N/A,N/A,N/A
103,Malik ,Petrov ,malik.petrov@gmail.com,+1 (702) 404-2009,Y,Yusuf ,1/1/2027,Y,N,NoShow,NoShow,1/8/2027,Y,Y,10:00 AM,1:00 PM
104,Owen ,Alderidge ,owen.alderidge@gmail.com,+1 (926) 917-2852,N,N/A,1/1/2027,Y,Y,9:30 AM,11:30 AM,1/8/2027,Y,Y,10:00 AM,1:00 PM
105,Lucienne ,Nakashima ,lucienne.nakashima@gmail.com,+1 (690) 738-6730,N,N/A,1/1/2027,N,N/A,N/A,N/A,1/8/2027,Y,N,NoShow,NoShow
106,Bianca ,Bianchi ,bianca.bianchi@gmail.com,+1 (801) 386-2114,N,N/A,1/1/2027,N,N/A,N/A,N/A,1/8/2027,Y,Y,9:30 AM,11:30 AM
107,Odette ,Okafor ,odette.okafor@gmail.com,+1 (280) 456-3216,N,N/A,1/1/2027,Y,Y,10:00 AM,1:00 PM,1/8/2027,Y,Y,9:30 AM,12:30 PM
108,Leif ,Abara ,leif.abara@gmail.com,+1 (229) 283-0744,N,N/A,1/1/2027,N,N/A,N/A,N/A,1/8/2027,Y,Y,11:00 AM,1:00 PM
109,Ingrid ,Renaud ,ingrid.renaud@gmail.com,+1 (664) 274-0981,Y,Paloma ,1/1/2027,Y,Y,11:00 AM,1:00 PM,1/8/2027,Y,Y,10:00 AM,12:00 PM
110,Naomi ,Delacroix ,naomi.delacroix@gmail.com,+1 (299) 251-4754,N,N/A,1/1/2027,N,N/A,N/A,N/A,1/8/2027,Y,N,NoShow,NoShow
111,Leif ,Nakashima ,leif.nakashima@gmail.com,+1 (520) 394-2610,N,N/A,1/1/2027,Y,Y,10:00 AM,12:00 PM,1/8/2027,Y,N,NoShow,NoShow
112,Nadia ,Marlowe ,nadia.marlowe@gmail.com,+1 (681) 492-8793,Y,Petra ,1/1/2027,Y,N,NoShow,NoShow,1/8/2027,Y,Y,10:00 AM,12:00 PM
113,Wesley ,Achterberg ,wesley.achterberg@gmail.com,+1 (486) 838-1946,Y,Petra ,1/1/2027,Y,Y,10:00 AM,1:00 PM,1/8/2027,N,N/A,N/A,N/A
114,Tobias ,Abara ,tobias.abara@gmail.com,+1 (340) 930-5456,N,N/A,1/1/2027,Y,Y,11:00 AM,1:00 PM,1/8/2027,Y,Y,9:30 AM,11:30 AM
115,Micah ,Bertrand ,micah.bertrand@gmail.com,+1 (701) 925-9222,Y,Marisol ,1/1/2027,Y,Y,10:30 AM,1:30 PM,1/8/2027,Y,N,NoShow,NoShow
116,Yara ,Novak ,yara.novak@gmail.com,+1 (791) 433-0841,N,N/A,1/1/2027,Y,Y,11:00 AM,1:00 PM,1/8/2027,Y,Y,9:00 AM,12:00 PM
117,Sofia ,Kastellan ,sofia.kastellan@gmail.com,+1 (907) 408-6723,N,N/A,1/1/2027,Y,Y,9:00 AM,12:00 PM,1/8/2027,Y,Y,10:00 AM,1:00 PM
118,Declan ,Marlowe ,declan.marlowe@gmail.com,+1 (938) 897-4331,N,N/A,1/1/2027,Y,Y,11:00 AM,1:00 PM,1/8/2027,Y,N,NoShow,NoShow
119,Cole ,Iversen ,cole.iversen@gmail.com,+1 (494) 324-9395,N,N/A,1/1/2027,Y,N,NoShow,NoShow,1/8/2027,N,N/A,N/A,N/A
120,Malik ,Abara ,malik.abara@gmail.com,+1 (494) 931-1294,Y,Quincy ,1/1/2027,Y,Y,9:30 AM,11:30 AM,1/8/2027,N,N/A,N/A,N/A
121,Priyanka ,Kessler ,priyanka.kessler@gmail.com,+1 (743) 431-3814,Y,Paloma ,1/1/2027,Y,Y,9:30 AM,11:30 AM,1/8/2027,N,N/A,N/A,N/A
122,Nadia ,Solano ,nadia.solano@gmail.com,+1 (974) 494-5262,Y,Trent ,1/1/2027,N,N/A,N/A,N/A,1/8/2027,Y,Y,11:00 AM,2:00 PM
123,Zara ,Kastellan ,zara.kastellan@gmail.com,+1 (380) 237-6504,N,N/A,1/1/2027,Y,Y,10:00 AM,12:00 PM,1/8/2027,Y,Y,9:00 AM,11:00 AM
124,Noor ,Iversen ,noor.iversen@gmail.com,+1 (397) 315-5417,Y,Quincy ,1/1/2027,Y,Y,9:00 AM,12:00 PM,1/8/2027,Y,Y,9:30 AM,11:30 AM
125,Theo ,Nwosu ,theo.nwosu@gmail.com,+1 (206) 467-6284,Y,Gunnar ,1/1/2027,N,N/A,N/A,N/A,1/8/2027,Y,Y,9:00 AM,11:00 AM
126,Micah ,Alderidge ,micah.alderidge@gmail.com,+1 (988) 518-1923,N,N/A,1/1/2027,N,N/A,N/A,N/A,1/8/2027,Y,Y,9:30 AM,11:30 AM
127,Hugo ,Berglund ,hugo.berglund@gmail.com,+1 (980) 453-9761,N,N/A,1/1/2027,Y,Y,10:00 AM,12:00 PM,1/8/2027,N,N/A,N/A,N/A
128,Felix ,Lindholm ,felix.lindholm@gmail.com,+1 (749) 353-2695,Y,Stellan ,1/1/2027,Y,Y,11:00 AM,1:00 PM,1/8/2027,Y,Y,9:00 AM,11:00 AM
129,Elena ,Onyango ,elena.onyango@gmail.com,+1 (460) 203-3570,N,N/A,1/1/2027,Y,Y,9:00 AM,12:00 PM,1/8/2027,N,N/A,N/A,N/A
130,Tobias ,Okafor ,tobias.okafor@gmail.com,+1 (618) 384-2218,N,N/A,1/1/2027,N,N/A,N/A,N/A,1/8/2027,Y,Y,10:30 AM,12:30 PM
131,Silas ,Osei ,silas.osei@gmail.com,+1 (899) 877-8835,Y,Mireille ,1/1/2027,Y,N,NoShow,NoShow,1/8/2027,Y,Y,9:30 AM,11:30 AM
132,Noor ,Marlowe ,noor.marlowe@gmail.com,+1 (936) 757-6948,N,N/A,1/1/2027,N,N/A,N/A,N/A,1/8/2027,Y,Y,10:00 AM,12:00 PM
133,Yara ,Kowalski ,yara.kowalski@gmail.com,+1 (446) 411-1102,Y,Trent ,1/1/2027,Y,Y,9:00 AM,11:00 AM,1/8/2027,Y,Y,9:30 AM,12:30 PM
134,Cole ,Lindholm ,cole.lindholm@gmail.com,+1 (526) 791-9796,N,N/A,1/1/2027,N,N/A,N/A,N/A,1/8/2027,Y,N,NoShow,NoShow
135,Bianca ,Novak ,bianca.novak@gmail.com,+1 (952) 379-6999,N,N/A,1/1/2027,Y,Y,10:30 AM,1:30 PM,1/8/2027,Y,Y,9:30 AM,11:30 AM
136,Josephine ,Alderidge ,josephine.alderidge@gmail.com,+1 (347) 674-0944,N,N/A,1/1/2027,N,N/A,N/A,N/A,1/8/2027,Y,Y,9:30 AM,11:30 AM
137,Renee ,Bellweather ,renee.bellweather@gmail.com,+1 (889) 819-9878,Y,Yusuf ,1/1/2027,Y,Y,11:00 AM,1:00 PM,1/8/2027,Y,N,NoShow,NoShow
138,Anisa ,Hutchins ,anisa.hutchins@gmail.com,+1 (964) 972-7846,N,N/A,1/1/2027,Y,Y,10:30 AM,12:30 PM,1/8/2027,Y,Y,10:30 AM,12:30 PM
139,Rowan ,Ferreira ,rowan.ferreira@gmail.com,+1 (527) 408-6073,Y,Trent ,1/1/2027,Y,Y,9:30 AM,11:30 AM,1/8/2027,Y,N,NoShow,NoShow
140,Bianca ,Odom ,bianca.odom@gmail.com,+1 (901) 545-4216,N,N/A,1/1/2027,Y,Y,10:30 AM,12:30 PM,1/8/2027,Y,Y,9:30 AM,11:30 AM
141,Odette ,Abara ,odette.abara@gmail.com,+1 (276) 884-0794,N,N/A,1/1/2027,Y,N,NoShow,NoShow,1/8/2027,Y,Y,9:00 AM,11:00 AM
142,Selin ,Kowalski ,selin.kowalski@gmail.com,+1 (206) 744-9038,N,N/A,1/1/2027,Y,Y,11:00 AM,1:00 PM,1/8/2027,Y,N,NoShow,NoShow
143,Odette ,Delacroix ,odette.delacroix@gmail.com,+1 (446) 396-8625,Y,Mireille ,1/1/2027,Y,Y,10:00 AM,12:00 PM,1/8/2027,Y,Y,9:30 AM,11:30 AM
144,Wesley ,Abara ,wesley.abara@gmail.com,+1 (295) 615-6213,Y,Roksana ,1/1/2027,Y,Y,9:30 AM,11:30 AM,1/8/2027,Y,Y,10:00 AM,1:00 PM
145,Griffin ,Berglund ,griffin.berglund@gmail.com,+1 (908) 780-7790,Y,Yusuf ,1/1/2027,Y,Y,11:00 AM,2:00 PM,1/8/2027,Y,Y,10:00 AM,12:00 PM
146,Josephine ,Nakamura ,josephine.nakamura@gmail.com,+1 (777) 446-9284,N,N/A,1/1/2027,Y,N,NoShow,NoShow,1/8/2027,Y,Y,9:30 AM,12:30 PM
147,Dashiell ,Blackwood ,dashiell.blackwood@gmail.com,+1 (828) 809-6499,N,N/A,1/1/2027,Y,Y,10:30 AM,12:30 PM,1/8/2027,Y,Y,10:30 AM,12:30 PM
148,Malik ,Nwosu ,malik.nwosu@gmail.com,+1 (930) 275-1344,Y,Nikolai ,1/1/2027,Y,Y,10:30 AM,12:30 PM,1/8/2027,Y,Y,10:00 AM,12:00 PM
149,Beau ,Fontaine ,beau.fontaine@gmail.com,+1 (226) 291-5798,N,N/A,1/1/2027,Y,Y,10:30 AM,12:30 PM,1/8/2027,Y,Y,9:00 AM,12:00 PM
150,Odette ,Nakamura ,odette.nakamura@gmail.com,+1 (901) 589-2777,Y,Junko ,1/1/2027,Y,Y,9:30 AM,11:30 AM,1/8/2027,Y,Y,9:00 AM,11:00 AM
151,Marcus ,Onyango ,marcus.onyango@gmail.com,+1 (540) 835-6224,N,N/A,1/1/2027,Y,Y,11:00 AM,1:00 PM,1/8/2027,Y,Y,9:30 AM,11:30 AM
152,Malik ,Dumont ,malik.dumont@gmail.com,+1 (911) 848-8044,N,N/A,1/1/2027,N,N/A,N/A,N/A,1/8/2027,Y,Y,10:30 AM,12:30 PM
153,Noor ,Alderidge ,noor.alderidge@gmail.com,+1 (414) 648-4773,N,N/A,1/1/2027,Y,N,NoShow,NoShow,1/8/2027,N,N/A,N/A,N/A
154,Devon ,Adeyemi ,devon.adeyemi@gmail.com,+1 (812) 690-9539,N,N/A,1/1/2027,Y,N,NoShow,NoShow,1/8/2027,Y,Y,10:00 AM,1:00 PM
155,Yara ,Nwosu ,yara.nwosu@gmail.com,+1 (873) 880-5816,Y,Ximena ,1/1/2027,Y,N,NoShow,NoShow,1/8/2027,Y,Y,10:00 AM,12:00 PM
156,Ezra ,Vantongeren ,ezra.vantongeren@gmail.com,+1 (600) 674-9643,N,N/A,1/1/2027,Y,N,NoShow,NoShow,1/8/2027,Y,Y,9:00 AM,11:00 AM
157,Anika ,Holloway ,anika.holloway@gmail.com,+1 (694) 556-7801,Y,Quincy ,1/1/2027,Y,Y,9:00 AM,11:00 AM,1/8/2027,N,N/A,N/A,N/A
158,Bianca ,Rousseau ,bianca.rousseau@gmail.com,+1 (673) 437-6636,N,N/A,1/1/2027,Y,Y,10:30 AM,12:30 PM,1/8/2027,Y,N,NoShow,NoShow
159,Rashid ,Bertrand ,rashid.bertrand@gmail.com,+1 (391) 574-5340,Y,Petra ,1/1/2027,Y,N,NoShow,NoShow,1/8/2027,Y,Y,11:00 AM,1:00 PM
160,Freya ,Whitfield ,freya.whitfield@gmail.com,+1 (889) 922-4873,N,N/A,1/1/2027,Y,Y,10:00 AM,12:00 PM,1/8/2027,Y,Y,10:00 AM,1:00 PM
161,Kwame ,Petrov ,kwame.petrov@gmail.com,+1 (860) 377-9091,Y,Junko ,1/1/2027,Y,Y,10:30 AM,1:30 PM,1/8/2027,Y,Y,9:00 AM,11:00 AM
162,Micah ,Odom ,micah.odom@gmail.com,+1 (706) 618-8056,N,N/A,1/1/2027,N,N/A,N/A,N/A,1/8/2027,Y,Y,9:00 AM,11:00 AM
163,Micah ,Hutchins ,micah.hutchins@gmail.com,+1 (786) 316-4389,N,N/A,1/1/2027,N,N/A,N/A,N/A,1/8/2027,Y,N,NoShow,NoShow
164,Rashid ,Dumont ,rashid.dumont@gmail.com,+1 (869) 969-4055,Y,Trent ,1/1/2027,Y,Y,9:00 AM,11:00 AM,1/8/2027,N,N/A,N/A,N/A
165,Freya ,Bianchi ,freya.bianchi@gmail.com,+1 (638) 369-2281,N,N/A,1/1/2027,N,N/A,N/A,N/A,1/8/2027,N,N/A,N/A,N/A
166,Malik ,Okafor ,malik.okafor@gmail.com,+1 (786) 473-8428,N,N/A,1/1/2027,Y,Y,10:30 AM,12:30 PM,1/8/2027,N,N/A,N/A,N/A
167,Lucienne ,Sokolov ,lucienne.sokolov@gmail.com,+1 (453) 979-6434,N,N/A,1/1/2027,Y,Y,10:30 AM,12:30 PM,1/8/2027,Y,Y,9:00 AM,11:00 AM
168,Theo ,Novak ,theo.novak@gmail.com,+1 (202) 950-1526,N,N/A,1/1/2027,Y,Y,10:00 AM,12:00 PM,1/8/2027,N,N/A,N/A,N/A
169,Selin ,Iversen ,selin.iversen@gmail.com,+1 (530) 490-5533,N,N/A,1/1/2027,Y,N,NoShow,NoShow,1/8/2027,N,N/A,N/A,N/A
170,Tobias ,Fontaine ,tobias.fontaine@gmail.com,+1 (841) 670-0266,Y,Chiara ,1/1/2027,Y,Y,10:30 AM,12:30 PM,1/8/2027,N,N/A,N/A,N/A
171,Renee ,Osei ,renee.osei@gmail.com,+1 (870) 569-4102,Y,Chiara ,1/1/2027,Y,Y,9:30 AM,11:30 AM,1/8/2027,Y,Y,9:00 AM,11:00 AM
172,Talia ,Petrov ,talia.petrov@gmail.com,+1 (335) 689-1160,Y,Yusuf ,1/1/2027,Y,Y,10:00 AM,12:00 PM,1/8/2027,N,N/A,N/A,N/A
173,Sofia ,Marchetti ,sofia.marchetti@gmail.com,+1 (743) 776-0138,N,N/A,1/1/2027,Y,Y,9:30 AM,12:30 PM,1/8/2027,Y,N,NoShow,NoShow
174,Nathaniel ,Ferreira ,nathaniel.ferreira@gmail.com,+1 (326) 803-6291,Y,Paloma ,1/1/2027,Y,Y,10:00 AM,1:00 PM,1/8/2027,Y,Y,11:00 AM,2:00 PM
175,Dashiell ,Tanaka ,dashiell.tanaka@gmail.com,+1 (393) 965-6418,Y,Trent ,1/1/2027,N,N/A,N/A,N/A,1/8/2027,N,N/A,N/A,N/A
176,Theo ,Varga ,theo.varga@gmail.com,+1 (596) 782-6895,Y,Chiara ,1/1/2027,N,N/A,N/A,N/A,1/8/2027,N,N/A,N/A,N/A
177,Tobias ,Lindqvist ,tobias.lindqvist@gmail.com,+1 (607) 718-4693,N,N/A,1/1/2027,Y,Y,10:30 AM,12:30 PM,1/8/2027,Y,Y,9:30 AM,11:30 AM
178,Arjun ,Rousseau ,arjun.rousseau@gmail.com,+1 (947) 444-0948,Y,Paloma ,1/1/2027,Y,Y,9:00 AM,11:00 AM,1/8/2027,Y,Y,9:30 AM,11:30 AM
179,Cyrus ,Nakamura ,cyrus.nakamura@gmail.com,+1 (580) 329-4403,N,N/A,1/1/2027,Y,N,NoShow,NoShow,1/8/2027,Y,Y,11:00 AM,1:00 PM
180,Priyanka ,Mireles ,priyanka.mireles@gmail.com,+1 (780) 370-6024,Y,Petra ,1/1/2027,N,N/A,N/A,N/A,1/8/2027,Y,Y,11:00 AM,1:00 PM
181,Zara ,Abara ,zara.abara@gmail.com,+1 (766) 931-6870,Y,Esme ,1/1/2027,Y,Y,10:00 AM,12:00 PM,1/8/2027,Y,Y,9:00 AM,11:00 AM
182,Theo ,Osei ,theo.osei@gmail.com,+1 (766) 667-0130,Y,Junko ,1/1/2027,Y,Y,11:00 AM,1:00 PM,1/8/2027,Y,Y,10:30 AM,12:30 PM
183,Declan ,Bianchi ,declan.bianchi@gmail.com,+1 (910) 209-5488,Y,Nikolai ,1/1/2027,N,N/A,N/A,N/A,1/8/2027,Y,Y,11:00 AM,1:00 PM
184,Sofia ,Alderidge ,sofia.alderidge@gmail.com,+1 (486) 295-0719,N,N/A,1/1/2027,N,N/A,N/A,N/A,1/8/2027,Y,Y,10:00 AM,12:00 PM
185,Ingrid ,Marchetti ,ingrid.marchetti@gmail.com,+1 (806) 781-1020,N,N/A,1/1/2027,N,N/A,N/A,N/A,1/8/2027,Y,Y,10:00 AM,12:00 PM
186,Yara ,Blackwood ,yara.blackwood@gmail.com,+1 (798) 311-2546,Y,Quincy ,1/1/2027,Y,Y,11:00 AM,1:00 PM,1/8/2027,N,N/A,N/A,N/A
187,Arjun ,Farrow ,arjun.farrow@gmail.com,+1 (241) 420-5370,Y,Esme ,1/1/2027,N,N/A,N/A,N/A,1/8/2027,Y,Y,10:00 AM,12:00 PM
188,Ezra ,Achterberg ,ezra.achterberg@gmail.com,+1 (966) 763-4093,Y,Petra ,1/1/2027,N,N/A,N/A,N/A,1/8/2027,Y,Y,9:30 AM,11:30 AM
189,Devon ,Kowalski ,devon.kowalski@gmail.com,+1 (266) 402-7265,N,N/A,1/1/2027,Y,N,NoShow,NoShow,1/8/2027,N,N/A,N/A,N/A
190,Talia ,Nakashima ,talia.nakashima@gmail.com,+1 (604) 708-0483,Y,Paloma ,1/1/2027,Y,Y,9:30 AM,11:30 AM,1/8/2027,Y,N,NoShow,NoShow
191,Priyanka ,Osei ,priyanka.osei@gmail.com,+1 (486) 592-2248,N,N/A,1/1/2027,Y,Y,9:30 AM,12:30 PM,1/8/2027,N,N/A,N/A,N/A
192,Leif ,Tanaka ,leif.tanaka@gmail.com,+1 (529) 597-4430,Y,Lorenzo ,1/1/2027,Y,Y,10:00 AM,12:00 PM,1/8/2027,N,N/A,N/A,N/A
193,Rashid ,Nwosu ,rashid.nwosu@gmail.com,+1 (872) 446-4366,N,N/A,1/1/2027,N,N/A,N/A,N/A,1/8/2027,Y,Y,9:30 AM,12:30 PM
194,Declan ,Whitfield ,declan.whitfield@gmail.com,+1 (380) 442-9707,Y,Mireille ,1/1/2027,N,N/A,N/A,N/A,1/8/2027,Y,Y,11:00 AM,2:00 PM
195,Selin ,Bertrand ,selin.bertrand@gmail.com,+1 (516) 379-8035,Y,Trent ,1/1/2027,Y,Y,11:00 AM,1:00 PM,1/8/2027,Y,N,NoShow,NoShow
196,Odette ,Vantongeren ,odette.vantongeren@gmail.com,+1 (274) 582-6481,N,N/A,1/1/2027,Y,Y,9:30 AM,12:30 PM,1/8/2027,N,N/A,N/A,N/A
197,Nadia ,Sokolov ,nadia.sokolov@gmail.com,+1 (378) 924-9207,N,N/A,1/1/2027,N,N/A,N/A,N/A,1/8/2027,N,N/A,N/A,N/A
198,Cole ,Reyes ,cole.reyes@gmail.com,+1 (918) 786-6415,N,N/A,1/1/2027,N,N/A,N/A,N/A,1/8/2027,Y,Y,10:00 AM,1:00 PM
199,Owen ,Bianchi ,owen.bianchi@gmail.com,+1 (290) 925-5500,N,N/A,1/1/2027,Y,Y,9:00 AM,11:00 AM,1/8/2027,Y,Y,9:00 AM,11:00 AM
200,Rashid ,Callahan ,rashid.callahan@gmail.com,+1 (791) 866-3695,Y,Yusuf ,1/1/2027,N,N/A,N/A,N/A,1/8/2027,Y,Y,10:00 AM,12:00 PM
